Time,Steel Center,Steel Surface,Copper Surface,Copper Center,P 5,P 6,P 7,P 8,P 9,P 10
256.139,59.374889,59.183521,59.085033,59.052982,,,,,,
256.49,59.367149,59.181332,59.079853,59.042244,,,,,,
256.852,59.367031,59.189972,59.07589,59.058796,,,,,,
257.213,59.370651,59.18697,59.087627,59.047459,,,,,,
257.572,59.362316,59.165386,59.07523,59.042751,,,,,,
257.916,59.37114,59.174,59.077007,59.049442,,,,,,
258.265,59.359241,59.173847,59.080273,59.043949,,,,,,
258.619,59.3689,59.187782,59.0784,59.046562,,,,,,
258.977,59.37075,59.189423,59.084526,59.053116,,,,,,
259.339,59.379002,59.191051,59.081665,59.040428,,,,,,
259.701,59.383297,59.183388,59.087677,59.050285,,,,,,
260.05,59.382275,59.188347,59.086868,59.059303,,,,,,
260.397,59.366062,59.185799,59.073208,59.034534,,,,,,
260.76,59.374477,59.193573,59.069019,59.026714,,,,,,
261.109,59.359596,59.188515,59.030628,58.99366,,,,,,
261.466,59.381145,59.197681,58.999199,58.967785,,,,,,
0,59.377266,59.192089,58.967106,58.936756,,,,,,
0.347,59.372208,59.194721,58.887455,58.87228,,,,,,
0.705,59.373322,59.193703,58.623043,58.633091,,,,,,
1.066,59.40345,59.213589,58.133564,58.204834,,,,,,
1.427,59.407845,59.216911,57.484322,57.622314,,,,,,
1.788,59.39426,59.225754,56.791553,56.987644,,,,,,
2.146,59.422482,59.239674,56.136932,56.365906,,,,,,
2.494,59.417194,59.243996,55.551426,55.775276,,,,,,
2.846,59.427986,59.23877,55.033798,55.246464,,,,,,
3.2,59.439686,59.237446,54.534042,54.743893,,,,,,
3.558,59.441864,59.210148,54.062798,54.263569,,,,,,
3.918,59.451138,59.197212,53.605,53.824715,,,,,,
4.279,59.450047,59.151474,53.148197,53.365944,,,,,,
4.627,59.456909,59.093388,52.69775,52.921955,,,,,,
4.989,59.439774,59.007225,52.222157,52.462791,,,,,,
5.35,59.416111,58.923702,51.767673,52.004189,,,,,,
5.711,59.411915,58.797878,51.320415,51.543045,,,,,,
6.073,59.374668,58.676777,50.891487,51.086102,,,,,,
6.419,59.358715,58.548962,50.489075,50.68927,,,,,,
6.775,59.306911,58.385418,50.083771,50.261089,,,,,,
7.137,59.256073,58.203957,49.706543,49.861595,,,,,,
7.499,59.193375,58.017193,49.34634,49.47887,,,,,,
7.857,59.103531,57.804016,49.014851,49.13549,,,,,,
8.217,59.01693,57.577095,48.677097,48.792591,,,,,,
8.567,58.923161,57.373344,48.360615,48.482281,,,,,,
8.917,58.800747,57.131783,48.022125,48.160454,,,,,,
9.273,58.689125,56.895397,47.663464,47.834633,,,,,,
9.635,58.555225,56.628628,47.314587,47.486961,,,,,,
10.001,58.403549,56.358517,46.97467,47.148033,,,,,,
10.362,58.242481,56.090908,46.654282,46.80632,,,,,,
10.712,58.069576,55.81004,46.339813,46.493259,,,,,,
11.073,57.874958,55.526413,46.006718,46.156319,,,,,,
11.428,57.695454,55.263054,45.695084,45.845219,,,,,,
11.786,57.501606,54.971001,45.366882,45.519962,,,,,,
12.148,57.285049,54.663143,45.02824,45.189102,,,,,,
12.495,57.08551,54.39127,44.727757,44.888271,,,,,,
12.852,56.867134,54.080769,44.430733,44.578384,,,,,,
13.213,56.621964,53.774097,44.15213,44.297005,,,,,,
13.575,56.404667,53.483074,43.860687,44.001247,,,,,,
13.938,56.152264,53.169426,43.55917,43.697613,,,,,,
14.298,55.921604,52.879955,43.258297,43.405186,,,,,,
14.648,55.66386,52.564484,42.952946,43.103672,,,,,,
14.998,55.420551,52.278614,42.685268,42.816677,,,,,,
15.352,55.169067,51.978416,42.423306,42.552135,,,,,,
15.711,54.911404,51.683865,42.185017,42.306404,,,,,,
16.059,54.673855,51.401276,41.973099,42.084381,,,,,,
16.416,54.392193,51.084007,41.750454,41.851406,,,,,,
16.765,54.141319,50.807018,41.566711,41.661068,,,,,,
17.127,53.866619,50.51688,41.343796,41.449692,,,,,,
17.492,53.594543,50.22176,41.105034,41.222702,,,,,,
17.855,53.332729,49.92107,40.879475,40.987461,,,,,,
18.217,53.071526,49.626823,40.641289,40.755524,,,,,,
18.564,52.804253,49.361038,40.434559,40.541309,,,,,,
18.92,52.543831,49.085167,40.204987,40.313339,,,,,,
19.279,52.265213,48.81144,39.990059,40.086933,,,,,,
19.642,51.993149,48.532547,39.790779,39.88126,,,,,,
20.002,51.740917,48.264881,39.589237,39.673321,,,,,,
20.351,51.474888,47.997276,39.384045,39.466389,,,,,,
20.723,51.18919,47.710308,39.149887,39.253803,,,,,,
21.076,50.946411,47.477028,38.960831,39.055683,,,,,,
21.464,50.656643,47.181587,38.733494,38.820389,,,,,,
21.824,50.407005,46.926983,38.554855,38.640892,,,,,,
22.186,50.133606,46.663982,38.370197,38.442478,,,,,,
22.548,49.869579,46.404076,38.216343,38.277077,,,,,,
22.897,49.642799,46.184525,38.084663,38.140965,,,,,,
23.261,49.381073,45.938339,37.944016,37.986088,,,,,,
23.613,49.127815,45.697624,37.801441,37.842411,,,,,,
23.972,48.877434,45.462448,37.644066,37.695072,,,,,,
24.322,48.643219,45.230835,37.494606,37.551865,,,,,,
24.673,48.405312,45.006699,37.337646,37.4025,,,,,,
25.032,48.1628,44.789143,37.172031,37.248947,,,,,,
25.394,47.917458,44.559093,37.03838,37.096806,,,,,,
25.757,47.694439,44.34779,36.909325,36.945908,,,,,,
26.126,47.45155,44.119572,36.747536,36.797741,,,,,,
26.483,47.222309,43.909725,36.61404,36.659798,,,,,,
26.831,46.990059,43.699287,36.470619,36.523758,,,,,,
27.182,46.790707,43.493797,36.340084,36.385643,,,,,,
27.539,46.550171,43.315788,36.196815,36.238365,,,,,,
27.902,46.328716,43.100193,36.038013,36.08963,,,,,,
28.252,46.119621,42.89307,35.884045,35.939259,,,,,,
28.614,45.90015,42.698658,35.737865,35.780571,,,,,,
28.975,45.685322,42.504749,35.605644,35.651493,,,,,,
29.338,45.474529,42.325287,35.472675,35.519657,,,,,,
29.694,45.267704,42.129314,35.348953,35.393932,,,,,,
30.051,45.062088,41.943619,35.252934,35.285389,,,,,,
30.399,44.866444,41.77261,35.135578,35.180355,,,,,,
30.75,44.674545,41.608482,35.05143,35.091732,,,,,,
31.107,44.47831,41.427631,34.95911,34.986881,,,,,,
31.47,44.278587,41.239525,34.850082,34.8848,,,,,,
31.833,44.079895,41.080776,34.766354,34.78495,,,,,,
32.196,43.897789,40.905106,34.687263,34.708103,,,,,,
32.56,43.700859,40.74065,34.593353,34.617783,,,,,,
32.91,43.522175,40.583942,34.516289,34.532429,,,,,,
33.261,43.329536,40.430935,34.446373,34.464306,,,,,,
33.619,43.16573,40.275928,34.364376,34.38052,,,,,,
33.98,42.98151,40.118572,34.287666,34.306953,,,,,,
34.329,42.806789,39.960369,34.216419,34.219784,,,,,,
34.694,42.633171,39.803726,34.129066,34.147907,,,,,,
35.056,42.466446,39.666897,34.066948,34.073902,,,,,,
35.419,42.290714,39.515919,33.975292,33.98584,,,,,,
35.779,42.120995,39.363239,33.911121,33.916958,,,,,,
36.137,41.968147,39.24152,33.852028,33.852699,,,,,,
36.486,41.794422,39.102161,33.780739,33.785675,,,,,,
36.843,41.6329,38.961536,33.713139,33.710445,,,,,,
37.2,41.485943,38.823128,33.635681,33.647808,,,,,,
37.563,41.336926,38.685982,33.557056,33.574127,,,,,,
37.927,41.172806,38.562119,33.477951,33.481995,,,,,,
38.291,41.031231,38.438705,33.397297,33.410553,,,,,,
38.64,40.870964,38.304077,33.329823,33.331394,,,,,,
39.003,40.740639,38.182644,33.259747,33.262444,,,,,,
39.354,40.58963,38.056232,33.196129,33.203999,,,,,,
39.71,40.431953,37.92981,33.145557,33.133869,,,,,,
40.07,40.303493,37.818069,33.093433,33.080395,,,,,,
40.419,40.163452,37.705837,33.030708,33.033184,,,,,,
40.782,40.019943,37.586342,32.978439,32.975739,,,,,,
41.144,39.896069,37.477459,32.929478,32.931503,,,,,,
41.507,39.755096,37.358978,32.866352,32.871075,,,,,,
41.864,39.633701,37.256836,32.83593,32.832108,,,,,,
42.228,39.490738,37.133034,32.781651,32.778275,,,,,,
42.576,39.377548,37.032242,32.729912,32.718887,,,,,,
42.927,39.250275,36.938717,32.681015,32.66864,,,,,,
43.287,39.119888,36.831371,32.614368,32.614143,,,,,,
43.655,39.002537,36.729988,32.562977,32.562077,,,,,,
44.023,38.88382,36.620552,32.500549,32.501225,,,,,,
44.384,38.762905,36.521404,32.452797,32.450546,,,,,,
44.732,38.650955,36.438648,32.410324,32.404922,,,,,,
45.101,38.537777,36.341713,32.355145,32.35582,,,,,,
45.452,38.404694,36.258076,32.305504,32.296947,,,,,,
45.814,38.309086,36.156242,32.259377,32.252396,,,,,,
46.182,38.164165,36.047115,32.194649,32.191723,,,,,,
46.532,38.092781,35.975651,32.170147,32.159561,,,,,,
46.9,37.968861,35.87154,32.110283,32.114338,,,,,,
47.266,37.862591,35.802826,32.079113,32.076408,,,,,,
47.631,37.752815,35.703327,32.041939,32.027069,,,,,,
47.981,37.6562,35.632923,32.005035,32.002331,,,,,,
48.343,37.540878,35.537487,31.944717,31.942688,,,,,,
48.692,37.443134,35.461945,31.90062,31.89183,,,,,,
49.061,37.35421,35.372211,31.854633,31.854183,,,,,,
49.43,37.245262,35.291924,31.800365,31.809607,,,,,,
49.796,37.15023,35.223152,31.764467,31.766045,,,,,,
50.162,37.059246,35.144569,31.735153,31.730869,,,,,,
50.51,36.955265,35.082504,31.698805,31.674004,,,,,,
50.871,36.85788,34.991913,31.651333,31.641411,,,,,,
51.244,36.779488,34.929798,31.639751,31.617653,,,,,,
51.613,36.687279,34.844189,31.590097,31.583557,,,,,,
51.979,36.583965,34.764015,31.562162,31.551563,,,,,,
52.342,36.499714,34.697372,31.533201,31.51358,,,,,,
52.691,36.428219,34.634361,31.495041,31.48489,,,,,,
53.043,36.35323,34.57613,31.475908,31.464405,,,,,,
53.405,36.258263,34.501217,31.443157,31.429396,,,,,,
53.772,36.162418,34.433056,31.405701,31.389683,,,,,,
54.141,36.076881,34.356411,31.356329,31.343693,,,,,,
54.508,36.004772,34.297054,31.334967,31.334064,,,,,,
54.857,35.935326,34.246658,31.323299,31.305021,,,,,,
55.222,35.853577,34.181675,31.292902,31.290421,,,,,,
55.573,35.78632,34.125404,31.276917,31.265182,,,,,,
55.936,35.698174,34.058052,31.242346,31.228128,,,,,,
56.284,35.645248,34.011009,31.229109,31.199543,,,,,,
56.651,35.54792,33.940739,31.178522,31.175137,,,,,,
57.019,35.469753,33.883411,31.158792,31.142992,,,,,,
57.384,35.401703,33.825695,31.138897,31.139574,,,,,,
57.754,35.336422,33.77951,31.131058,31.106228,,,,,,
58.105,35.270878,33.714878,31.103773,31.085939,,,,,,
58.466,35.198452,33.667599,31.080397,31.06324,,,,,,
58.814,35.134148,33.613422,31.056185,31.045122,,,,,,
59.182,35.062809,33.56612,31.033693,31.021727,,,,,,
59.545,34.99778,33.510548,31.002443,30.985058,,,,,,
59.912,34.932907,33.455364,30.971813,30.963909,,,,,,
60.262,34.875992,33.406139,30.970659,30.95508,,,,,,
60.623,34.809593,33.353027,30.94212,30.923151,,,,,,
60.983,34.747219,33.30687,30.914478,30.893927,,,,,,
61.349,34.677029,33.249283,30.884386,30.861349,,,,,,
61.707,34.614048,33.205673,30.860212,30.854792,,,,,,
62.075,34.558228,33.163177,30.856586,30.834002,,,,,,
62.426,34.510956,33.118248,30.837193,30.810539,,,,,,
62.795,34.447258,33.077297,30.811863,30.788145,,,,,,
63.151,34.391388,33.025768,30.802784,30.777033,,,,,,
63.518,34.330685,32.980862,30.774162,30.757219,,,,,,
63.899,34.26931,32.939556,30.752096,30.731991,,,,,,
64.242,34.20826,32.903976,30.739853,30.706869,,,,,,
64.6,34.168594,32.860836,30.713236,30.695614,,,,,,
64.974,34.109459,32.813461,30.703386,30.678986,,,,,,
65.335,34.05238,32.770855,30.675955,30.655621,,,,,,
65.691,34.013336,32.743183,30.669855,30.646582,,,,,,
66.049,33.960781,32.697914,30.65196,30.623491,,,,,,
66.396,33.913536,32.662247,30.637383,30.619532,,,,,,
66.747,33.847054,32.621475,30.636436,30.611805,,,,,,
67.103,33.816563,32.582134,30.614107,30.585859,,,,,,
67.462,33.773994,32.563538,30.616676,30.59182,,,,,,
67.823,33.711372,32.50301,30.584831,30.566301,,,,,,
68.184,33.676456,32.474537,30.586754,30.560991,,,,,,
68.533,33.627998,32.43924,30.561266,30.541603,,,,,,
68.897,33.565437,32.401291,30.542604,30.51458,,,,,,
69.253,33.533455,32.38139,30.548393,30.525793,,,,,,
69.613,33.499596,32.343849,30.523594,30.511389,,,,,,
69.976,33.442318,32.3022,30.523598,30.491503,,,,,,
70.325,33.395836,32.264614,30.509836,30.466438,,,,,,
70.689,33.367779,32.248203,30.503309,30.488167,,,,,,
71.053,33.322376,32.215538,30.485893,30.465551,,,,,,
71.417,33.279842,32.177185,30.471817,30.45961,,,,,,
71.774,33.226501,32.139042,30.467672,30.439869,,,,,,
72.136,33.187687,32.10577,30.445137,30.428183,,,,,,
72.485,33.157097,32.092686,30.45981,30.436752,,,,,,
72.835,33.12455,32.060291,30.45059,30.423239,,,,,,
73.192,33.078053,32.022255,30.429157,30.407455,,,,,,
73.556,33.040733,32.008064,30.425772,30.396835,,,,,,
73.919,32.989826,31.973949,30.41415,30.397421,,,,,,
74.288,32.964314,31.952888,30.411785,30.383978,,,,,,
74.637,32.926949,31.920856,30.399998,30.369928,,,,,,
75,32.89064,31.891685,30.382263,30.359655,,,,,,
75.351,32.861542,31.867935,30.376074,30.357988,,,,,,
75.709,32.820515,31.841928,30.377344,30.344336,,,,,,
76.07,32.786098,31.813076,30.357222,30.337326,,,,,,
76.418,32.751919,31.781309,30.329203,30.312698,,,,,,
76.781,32.718178,31.767563,30.345036,30.309988,,,,,,
77.151,32.680355,31.737782,30.328957,30.30386,,,,,,
77.513,32.654999,31.719139,30.328802,30.300539,,,,,,
77.869,32.622665,31.682911,30.308525,30.296993,,,,,,
78.228,32.591209,31.672813,30.303598,30.276691,,,,,,
78.578,32.564835,31.652702,30.30265,30.280266,,,,,,
78.928,32.527557,31.622347,30.268818,30.258642,,,,,,
79.287,32.504807,31.605869,30.277622,30.252747,,,,,,
79.651,32.467064,31.582264,30.267519,30.246037,,,,,,
80.034,32.441025,31.565422,30.26827,30.239325,,,,,,
80.388,32.411774,31.537022,30.25766,30.232557,,,,,,
80.733,32.377472,31.511456,30.246271,30.218681,,,,,,
81.097,32.356892,31.486326,30.242786,30.210222,,,,,,
81.448,32.322849,31.476133,30.229628,30.215605,,,,,,
81.802,32.297546,31.456654,30.220274,30.204218,,,,,,
82.17,32.268356,31.442978,30.229406,30.205208,,,,,,
82.52,32.250168,31.423857,30.209558,30.184002,,,,,,
82.883,32.20639,31.397148,30.205173,30.178259,,,,,,
83.245,32.195591,31.383398,30.205185,30.178949,,,,,,
83.606,32.168488,31.352642,30.203529,30.163496,,,,,,
83.959,32.144226,31.337364,30.194775,30.165598,,,,,,
84.318,32.124104,31.321495,30.188366,30.167332,,,,,,
84.666,32.099289,31.312883,30.181318,30.152594,,,,,,
85.017,32.066151,31.296392,30.169991,30.14986,,,,,,
85.375,32.034573,31.269955,30.167465,30.134895,,,,,,
85.738,32.013874,31.251028,30.162745,30.140579,,,,,,
86.102,31.991961,31.224567,30.161106,30.136904,,,,,,
86.465,31.975731,31.214178,30.159742,30.11405,,,,,,
86.828,31.947865,31.194845,30.147379,30.111187,,,,,,
87.192,31.916698,31.174013,30.138489,30.100035,,,,,,
87.543,31.896738,31.167339,30.139492,30.101942,,,,,,
87.901,31.881876,31.148617,30.125481,30.099918,,,,,,
88.251,31.860706,31.131027,30.118032,30.096542,,,,,,
88.631,31.828005,31.104822,30.116428,30.085892,,,,,,
88.995,31.822647,31.103748,30.111732,30.087076,,,,,,
89.357,31.792253,31.091368,30.102495,30.082361,,,,,,
89.719,31.770472,31.071814,30.100769,30.077923,,,,,,
90.069,31.762642,31.069616,30.101057,30.076853,,,,,,
90.429,31.738764,31.045702,30.097229,30.066463,,,,,,
90.778,31.71843,31.020823,30.082933,30.052393,,,,,,
91.142,31.688282,31.010504,30.089333,30.061733,,,,,,
91.507,31.691919,31.01008,30.091623,30.065834,,,,,,
91.871,31.655308,30.984707,30.072084,30.056248,,,,,,
92.221,31.644653,30.973812,30.077005,30.053478,,,,,,
92.574,31.622475,30.961313,30.063578,30.052719,,,,,,
92.931,31.603348,30.948709,30.063845,30.041674,,,,,,
93.29,31.587055,30.940525,30.066504,30.036867,,,,,,
93.638,31.577742,30.928263,30.063948,30.044718,,,,,,
93.997,31.549435,30.913692,30.066093,30.028538,,,,,,
94.346,31.531933,30.897749,30.054419,30.025913,,,,,,
94.711,31.526031,30.883032,30.059813,30.036736,,,,,,
95.076,31.500372,30.87631,30.054888,30.02593,,,,,,
95.441,31.482241,30.86651,30.044846,30.016792,,,,,,
95.805,31.470274,30.840527,30.040762,30.007278,,,,,,
96.155,31.451038,30.839787,30.035725,30.008574,,,,,,
96.514,31.425589,30.826052,30.02943,30.003637,,,,,,
96.863,31.421669,30.809025,30.027534,29.993372,,,,,,
97.228,31.405081,30.799644,30.03013,30.001171,,,,,,
97.592,31.396271,30.795115,30.029213,30.000933,,,,,,
97.957,31.369936,30.774395,30.01932,29.984024,,,,,,
98.307,31.361094,30.771189,30.016787,29.987148,,,,,,
98.662,31.335297,30.750782,30.004948,29.984583,,,,,,
99.019,31.323038,30.748224,30.000349,29.976139,,,,,,
99.381,31.309835,30.74246,30.003174,29.983036,,,,,,
99.731,31.307322,30.734295,30.02079,29.986399,,,,,,
100.09,31.282436,30.715706,30.003078,29.972759,,,,,,
100.439,31.274965,30.715231,29.994909,29.973413,,,,,,
100.804,31.265871,30.705448,30.001854,29.969046,,,,,,
101.169,31.242096,30.687067,29.993177,29.968287,,,,,,
101.532,31.228346,30.683243,29.999756,29.960838,,,,,,
101.896,31.213451,30.669912,29.989573,29.962194,,,,,,
102.241,31.20116,30.663708,29.985395,29.953266,,,,,,
102.599,31.191246,30.6635,29.987223,29.958714,,,,,,
102.964,31.18442,30.643108,29.975855,29.954132,,,,,,
103.327,31.170595,30.640566,29.984848,29.949324,,,,,,
103.692,31.147358,30.619112,29.971512,29.949337,,,,,,
104.056,31.14937,30.62768,29.988914,29.954069,,,,,,
104.405,31.129519,30.621138,29.970146,29.943897,,,,,,
104.755,31.123348,30.610895,29.96826,29.938393,,,,,,
105.112,31.108963,30.597172,29.959949,29.934153,,,,,,
105.474,31.092121,30.572403,29.954834,29.922928,,,,,,
105.823,31.082537,30.57501,29.956314,29.938438,,,,,,
106.182,31.076897,30.569592,29.955187,29.932333,,,,,,
106.531,31.074213,30.573006,29.976934,29.945934,,,,,,
106.896,31.028076,30.532021,29.956038,29.920284,,,,,,
107.261,31.042135,30.555359,29.955193,29.918533,,,,,,
107.624,31.031363,30.537796,29.951637,29.92584,,,,,,
107.988,31.021135,30.529366,29.951117,29.926905,,,,,,
108.332,31.010517,30.519188,29.951336,29.913321,,,,,,
108.691,30.990873,30.522804,29.941832,29.918978,,,,,,
109.055,30.9853,30.520617,29.94824,29.913845,,,,,,
109.42,30.974718,30.509346,29.94895,29.918627,,,,,,
109.786,30.97011,30.500664,29.941164,29.906994,,,,,,
110.148,30.955542,30.494671,29.9415,29.917059,,,,,,
110.496,30.936945,30.471989,29.929651,29.892313,,,,,,
110.846,30.91712,30.456213,29.924723,29.88942,,,,,,
111.203,30.921452,30.463715,29.931326,29.907112,,,,,,
111.562,30.921207,30.468668,29.927008,29.899851,,,,,,
111.917,30.904093,30.460354,29.935429,29.901484,,,,,,
112.279,30.88755,30.451256,29.930393,29.895092,,,,,,
112.627,30.879627,30.442194,29.922228,29.896656,,,,,,
112.991,30.883289,30.446989,29.937212,29.905079,,,,,,
113.355,30.877184,30.432741,29.92951,29.899414,,,,,,
113.716,30.867844,30.430626,29.934408,29.898201,,,,,,
114.079,30.841644,30.420002,29.911779,29.887339,,,,,,
114.424,30.839354,30.408442,29.911522,29.884817,,,,,,
114.784,30.843077,30.426861,29.92815,29.896921,,,,,,
115.148,30.824917,30.390598,29.919006,29.888681,,,,,,
115.512,30.807064,30.391949,29.907684,29.886185,,,,,,
115.878,30.805239,30.395546,29.91468,29.880733,,,,,,
116.239,30.809925,30.393003,29.93137,29.895615,,,,,,
116.587,30.797514,30.386911,29.91803,29.882954,,,,,,
116.938,30.786169,30.381208,29.912321,29.886976,,,,,,
117.293,30.787287,30.380291,29.906652,29.889906,,,,,,
117.654,30.767021,30.35074,29.902645,29.875713,,,,,,
118.012,30.764904,30.363995,29.907764,29.876308,,,,,,
118.374,30.759304,30.356131,29.908491,29.879072,,,,,,
118.722,30.752234,30.339558,29.900276,29.870178,,,,,,
119.087,30.740778,30.340527,29.896044,29.871601,,,,,,
119.446,30.732307,30.340641,29.905436,29.872847,,,,,,
119.806,30.72282,30.340868,29.883032,29.868547,,,,,,
120.171,30.718277,30.337452,29.903601,29.876896,,,,,,
120.517,30.708231,30.32559,29.889917,29.863892,,,,,,
120.875,30.71146,30.320681,29.902884,29.875273,,,,,,
121.239,30.702173,30.321562,29.898106,29.863255,,,,,,
121.603,30.69408,30.309166,29.8857,29.863976,,,,,,
121.968,30.681074,30.299314,29.88942,29.860451,,,,,,
122.328,30.680664,30.29393,29.889914,29.869093,,,,,,
122.674,30.677977,30.299833,29.890842,29.859838,,,,,,
123.025,30.668097,30.301023,29.88932,29.871441,,,,,,
123.384,30.663815,30.282495,29.897478,29.859005,,,,,,
123.748,30.659544,30.29224,29.897049,29.869665,,,,,,
124.112,30.652075,30.281599,29.882553,29.85811,,,,,,
124.476,30.644423,30.276201,29.885977,29.857235,,,,,,
124.826,30.641863,30.276356,29.882734,29.858971,,,,,,
125.189,30.649635,30.297928,29.903419,29.873772,,,,,,
125.543,30.633856,30.279196,29.888971,29.863852,,,,,,
125.901,30.636597,30.271988,29.894205,29.862295,,,,,,
126.249,30.619783,30.268278,29.889814,29.854282,,,,,,
126.599,30.604649,30.256071,29.876919,29.848402,,,,,,
126.958,30.607121,30.256964,29.88777,29.848391,,,,,,
127.322,30.605307,30.254244,29.884821,29.849514,,,,,,
127.686,30.594912,30.261932,29.878483,29.847704,,,,,,
128.053,30.594347,30.251417,29.885614,29.843065,,,,,,
128.416,30.586664,30.241468,29.88335,29.844877,,,,,,
128.765,30.581972,30.241747,29.879557,29.850588,,,,,,
129.115,30.567839,30.23665,29.87921,29.838924,,,,,,
129.471,30.582178,30.232681,29.890627,29.853058,,,,,,
129.833,30.561832,30.221819,29.880888,29.846487,,,,,,
130.193,30.557898,30.22331,29.869028,29.843679,,,,,,
130.554,30.554226,30.236145,29.882549,29.846792,,,,,,
130.902,30.545828,30.216433,29.870293,29.848114,,,,,,
131.267,30.548037,30.218418,29.876352,29.853041,,,,,,
131.621,30.545465,30.215618,29.870836,29.842319,,,,,,
131.982,30.540176,30.200827,29.880474,29.837473,,,,,,
132.332,30.536661,30.201607,29.880804,29.844818,,,,,,
132.688,30.522179,30.208599,29.883047,29.84593,,,,,,
133.05,30.536146,30.20878,29.880739,29.843397,,,,,,
133.414,30.508739,30.196733,29.874342,29.843336,,,,,,
133.778,30.510107,30.199686,29.871412,29.839952,,,,,,
134.142,30.50901,30.196327,29.877558,29.84474,,,,,,
134.506,30.50424,30.200827,29.876854,29.845169,,,,,,
134.854,30.506542,30.192274,29.871464,29.8391,,,,,,
135.204,30.483774,30.173563,29.859077,29.832823,,,,,,
135.563,30.489443,30.197779,29.871994,29.830576,,,,,,
135.925,30.481304,30.1824,29.876295,29.840761,,,,,,
136.273,30.487194,30.183996,29.868385,29.838737,,,,,,
136.637,30.474731,30.178308,29.869032,29.83531,,,,,,
137.001,30.483276,30.180527,29.875326,29.844772,,,,,,
137.363,30.474821,30.167995,29.861881,29.83857,,,,,,
137.722,30.470438,30.167683,29.864962,29.832823,,,,,,
138.081,30.47089,30.174467,29.875145,29.837124,,,,,,
138.429,30.460798,30.156,29.858479,29.831772,,,,,,
138.793,30.448805,30.162771,29.862085,29.831757,,,,,,
139.156,30.449499,30.154873,29.860971,29.835169,,,,,,
139.519,30.438944,30.154715,29.864885,29.825052,,,,,,
139.881,30.445528,30.149767,29.852921,29.819649,,,,,,
140.23,30.436131,30.139912,29.865238,29.825178,,,,,,
140.579,30.436314,30.147106,29.856596,29.826719,,,,,,
140.944,30.438995,30.155897,29.867201,29.828951,,,,,,
141.294,30.420591,30.14472,29.855793,29.815958,,,,,,
141.651,30.422417,30.137726,29.856941,29.822765,,,,,,
142.012,30.415127,30.139254,29.85417,29.813429,,,,,,
142.361,30.424597,30.141491,29.857992,29.810688,,,,,,
142.726,30.410707,30.139809,29.853367,29.822359,,,,,,
143.09,30.40414,30.129618,29.840454,29.81284,,,,,,
143.452,30.409975,30.127539,29.857157,29.819813,,,,,,
143.804,30.404718,30.136755,29.851217,29.834469,,,,,,
144.163,30.404732,30.134054,29.85055,29.825201,,,,,,
144.512,30.392492,30.122486,29.853008,29.816795,,,,,,
144.863,30.403311,30.119967,29.849129,29.818575,,,,,,
145.222,30.381718,30.118944,29.851276,29.807819,,,,,,
145.584,30.395586,30.115856,29.852486,29.817631,,,,,,
145.96,30.393814,30.113405,29.855917,29.820608,,,,,,
146.309,30.380695,30.121088,29.85161,29.819244,,,,,,
146.658,30.384073,30.12266,29.857256,29.818779,,,,,,
147.045,30.377773,30.116354,29.858191,29.820166,,,,,,
147.396,30.367519,30.11537,29.856752,29.82235,,,,,,
147.754,30.36577,30.11249,29.854549,29.815845,,,,,,
148.119,30.364016,30.106211,29.851662,29.827444,,,,,,
148.468,30.364822,30.105207,29.846811,29.820782,,,,,,
148.833,30.36919,30.105505,29.857065,29.819948,,,,,,
149.198,30.368616,30.109907,29.856039,29.815752,,,,,,
149.563,30.357946,30.107601,29.848301,29.813671,,,,,,
149.913,30.362247,30.112131,29.860752,29.826351,,,,,,
150.272,30.353275,30.10112,29.848152,29.817144,,,,,,
150.622,30.355696,30.0963,29.848989,29.821602,,,,,,
150.983,30.352804,30.095898,29.844963,29.819614,,,,,,
151.344,30.340385,30.090033,29.839323,29.815784,,,,,,
151.705,30.356079,30.094875,29.852543,29.822666,,,,,,
152.066,30.340403,30.083942,29.838886,29.808105,,,,,,
152.413,30.344038,30.090519,29.853842,29.818535,,,,,,
152.775,30.339399,30.092438,29.856667,29.81955,,,,,,
153.139,30.338556,30.086391,29.845865,29.819836,,,,,,
153.488,30.329468,30.081144,29.842878,29.812098,,,,,,
153.847,30.317783,30.07692,29.841368,29.81217,,,,,,
154.211,30.332083,30.084665,29.845495,29.820824,,,,,,
154.561,30.326349,30.093634,29.846094,29.809879,,,,,,
154.926,30.322248,30.084326,29.841763,29.810074,,,,,,
155.29,30.31715,30.084204,29.848881,29.812666,,,,,,
155.655,30.323915,30.08577,29.850901,29.814234,,,,,,
156.004,30.324207,30.0795,29.854361,29.827427,,,,,,
156.364,30.314013,30.07835,29.838045,29.820166,,,,,,
156.713,30.309559,30.07955,29.843094,29.81797,,,,,,
157.076,30.302328,30.063267,29.824764,29.793077,,,,,,
157.439,30.306812,30.061871,29.832647,29.802319,,,,,,
157.804,30.320677,30.086376,29.848112,29.826157,,,,,,
158.168,30.306211,30.071676,29.846533,29.815298,,,,,,
158.515,30.294991,30.069952,29.838923,29.815836,,,,,,
158.872,30.288588,30.055853,29.83568,29.805803,,,,,,
159.233,30.301395,30.066856,29.845333,29.824511,,,,,,
159.583,30.296768,30.059965,29.848169,29.808334,,,,,,
159.942,30.295252,30.07089,29.837147,29.821981,,,,,,
160.291,30.289232,30.068939,29.839495,29.816635,,,,,,
160.657,30.292164,30.057169,29.840166,29.813232,,,,,,
161.022,30.27397,30.06204,29.841646,29.808147,,,,,,
161.399,30.286112,30.053377,29.851763,29.812607,,,,,,
161.765,30.286423,30.060701,29.845963,29.81473,,,,,,
162.126,30.276754,30.058041,29.84647,29.805729,,,,,,
162.489,30.272297,30.051092,29.844725,29.810322,,,,,,
162.84,30.269358,30.045437,29.835445,29.805569,,,,,,
163.205,30.279819,30.04957,29.831205,29.810835,,,,,,
163.566,30.267467,30.052595,29.832876,29.810469,,,,,,
163.93,30.267216,30.042162,29.83647,29.805914,,,,,,
164.279,30.270975,30.049091,29.841591,29.801981,,,,,,
164.63,30.274452,30.04352,29.830812,29.809988,,,,,,
164.989,30.260283,30.038168,29.831795,29.799881,,,,,,
165.35,30.269499,30.048971,29.840567,29.802088,,,,,,
165.71,30.260141,30.044815,29.836407,29.79793,,,,,,
166.07,30.250925,30.040569,29.828312,29.80862,,,,,,
166.433,30.262793,30.043394,29.829554,29.808731,,,,,,
166.781,30.260666,30.034252,29.833536,29.800262,,,,,,
167.135,30.251076,30.037554,29.838875,29.806055,,,,,,
167.494,30.254633,30.032063,29.838589,29.815727,,,,,,
167.859,30.24407,30.030771,29.836617,29.808325,,,,,,
168.208,30.249643,30.040646,29.836988,29.806887,,,,,,
168.573,30.257587,30.042032,29.834303,29.807594,,,,,,
168.938,30.238365,30.030495,29.825703,29.797861,,,,,,
169.304,30.235809,30.029068,29.830614,29.795755,,,,,,
169.659,30.228077,30.034681,29.82378,29.788469,,,,,,
170.019,30.236675,30.033781,29.833744,29.796396,,,,,,
170.369,30.239494,30.026419,29.827284,29.799217,,,,,,
170.727,30.232655,30.026136,29.838772,29.80233,,,,,,
171.092,30.239052,30.0348,29.8325,29.795153,,,,,,
171.456,30.238068,30.026123,29.840794,29.805937,,,,,,
171.821,30.23201,30.023909,29.827488,29.795122,,,,,,
172.185,30.239607,30.017708,29.836903,29.80431,,,,,,
172.548,30.239899,30.02343,29.835157,29.801434,,,,,,
172.893,30.218737,30.021944,29.828239,29.806736,,,,,,
173.244,30.232435,30.025467,29.831989,29.800301,,,,,,
173.602,30.222422,30.021105,29.833736,29.807934,,,,,,
173.962,30.21126,30.014915,29.828224,29.795856,,,,,,
174.311,30.214169,30.024612,29.821177,29.79492,,,,,,
174.676,30.215654,30.008904,29.829906,29.802519,,,,,,
175.041,30.232096,30.028746,29.83708,29.806978,,,,,,
175.405,30.217319,30.026182,29.841532,29.800112,,,,,,
175.759,30.217854,30.015177,29.835728,29.813547,,,,,,
176.118,30.213665,30.00963,29.8295,29.803698,,,,,,
176.465,30.213303,30.012661,29.830042,29.799486,,,,,,
176.83,30.218565,30.021997,29.835535,29.794794,,,,,,
177.194,30.213511,30.014904,29.833645,29.797203,,,,,,
177.558,30.205233,30.014542,29.831245,29.79752,,,,,,
177.921,30.21335,30.025604,29.838238,29.808813,,,,,,
178.268,30.209328,30.01615,29.837606,29.804335,,,,,,
178.631,30.206049,30.014229,29.841343,29.800829,,,,,,
178.995,30.205835,30.005644,29.829813,29.812384,,,,,,
179.345,30.208422,30.009586,29.834888,29.808407,,,,,,
179.704,30.213743,30.021248,29.840216,29.81962,,,,,,
180.068,30.207417,30.025324,29.83411,29.808081,,,,,,
180.418,30.192623,30.008717,29.82655,29.808668,,,,,,
180.782,30.196651,30.012066,29.836916,29.804777,,,,,,
181.147,30.19277,30.005695,29.827374,29.79727,,,,,,
181.511,30.199657,30.005344,29.823402,29.798279,,,,,,
181.862,30.214516,30.026091,29.848457,29.816092,,,,,,
182.221,30.198055,30.004419,29.820213,29.795996,,,,,,
182.571,30.187975,30.004971,29.824612,29.809673,,,,,,
182.934,30.199049,30.020575,29.834564,29.810799,,,,,,
183.295,30.199862,30.005775,29.821344,29.809347,,,,,,
183.658,30.200985,30.007805,29.835596,29.811831,,,,,,
184.022,30.204342,30.007994,29.838501,29.806362,,,,,,
184.37,30.193655,29.99934,29.829391,29.809248,,,,,,
184.729,30.194052,29.989555,29.821188,29.799232,,,,,,
185.091,30.193888,30.004097,29.836414,29.810385,,,,,,
185.44,30.191177,30.001614,29.832798,29.812428,,,,,,
185.799,30.184155,30.008615,29.838896,29.814226,,,,,,
186.162,30.177515,29.999485,29.828405,29.801018,,,,,,
186.511,30.188877,30.008137,29.841133,29.805597,,,,,,
186.873,30.183216,29.994328,29.825283,29.795404,,,,,,
187.237,30.189856,30.006626,29.836227,29.805445,,,,,,
187.601,30.173815,29.985601,29.827417,29.805689,,,,,,
187.952,30.185543,29.997335,29.840513,29.803846,,,,,,
188.312,30.178556,29.993059,29.830126,29.805229,,,,,,
188.661,30.177229,29.996935,29.837399,29.808201,,,,,,
189.024,30.178219,29.996117,29.830467,29.806927,,,,,,
189.386,30.174845,29.996359,29.832973,29.804003,,,,,,
189.749,30.172167,29.983273,29.825089,29.799511,,,,,,
190.114,30.17384,29.99264,29.829027,29.800282,,,,,,
190.461,30.172802,29.991375,29.821423,29.795847,,,,,,
190.825,30.160269,29.98653,29.819067,29.791227,,,,,,
191.186,30.179426,29.999586,29.834618,29.810852,,,,,,
191.535,30.153715,29.991287,29.822468,29.787836,,,,,,
191.895,30.160816,29.981195,29.820295,29.792227,,,,,,
192.244,30.173433,29.991102,29.8293,29.809608,,,,,,
192.609,30.166782,29.986712,29.823322,29.81291,,,,,,
192.972,30.16856,29.992109,29.83008,29.80224,,,,,,
193.336,30.158577,29.988911,29.829823,29.793156,,,,,,
193.699,30.163013,29.988823,29.824078,29.803932,,,,,,
194.048,30.168362,29.99983,29.840973,29.802721,,,,,,
194.407,30.160526,29.985657,29.828152,29.806196,,,,,,
194.757,30.157433,29.988218,29.827093,29.796083,,,,,,
195.121,30.151525,29.98344,29.82435,29.79221,,,,,,
195.487,30.164143,29.992216,29.825659,29.801893,,,,,,
195.853,30.158182,29.971319,29.822863,29.79706,,,,,,
196.202,30.152515,29.981489,29.820135,29.793652,,,,,,
196.553,30.165344,29.994322,29.836142,29.803322,,,,,,
196.911,30.158014,29.996267,29.832428,29.800966,,,,,,
197.273,30.154896,29.987944,29.838362,29.807806,,,,,,
197.623,30.152708,29.980324,29.823044,29.794525,,,,,,
197.982,30.143391,29.971909,29.817116,29.792217,,,,,,
198.332,30.142534,29.978971,29.815353,29.792265,,,,,,
198.696,30.146599,29.976929,29.816931,29.797239,,,,,,
199.057,30.149458,29.977301,29.830658,29.8001,,,,,,
199.42,30.140509,29.974682,29.817854,29.789333,,,,,,
199.785,30.140703,29.984606,29.829592,29.801073,,,,,,
200.135,30.149431,29.975012,29.826782,29.78853,,,,,,
200.494,30.132816,29.971966,29.81423,29.797255,,,,,,
200.843,30.149982,29.974882,29.82937,29.805605,,,,,,
201.207,30.141142,29.974636,29.81328,29.793362,,,,,,
201.576,30.139563,29.977356,29.824829,29.801516,,,,,,
201.941,30.14732,29.988735,29.831007,29.806561,,,,,,
202.292,30.135582,29.96998,29.823336,29.795042,,,,,,
202.643,30.13673,29.976107,29.829689,29.79619,,,,,,
203.001,30.129339,29.963509,29.816635,29.796265,,,,,,
203.361,30.141663,29.969728,29.835756,29.799541,,,,,,
203.721,30.126856,29.974148,29.822073,29.797853,,,,,,
204.083,30.136692,29.971996,29.814034,29.793436,,,,,,
204.431,30.131445,29.970142,29.821686,29.796562,,,,,,
204.796,30.128199,29.967573,29.819569,29.785389,,,,,,
205.156,30.127331,29.964441,29.812815,29.775013,,,,,,
205.518,30.127787,29.967161,29.818253,29.787468,,,,,,
205.881,30.141787,29.9737,29.818228,29.795593,,,,,,
206.227,30.136969,29.969559,29.813406,29.775606,,,,,,
206.585,30.133593,29.963919,29.826551,29.799843,,,,,,
206.95,30.123621,29.972271,29.812725,29.7833,,,,,,
207.315,30.135921,29.969189,29.830917,29.797192,,,,,,
207.679,30.115385,29.960413,29.821007,29.791357,,,,,,
208.039,30.122141,29.965813,29.812828,29.787477,,,,,,
208.385,30.125631,29.973829,29.816772,29.786217,,,,,,
208.737,30.131884,29.96945,29.819635,29.796095,,,,,,
209.096,30.124651,29.96063,29.813076,29.786594,,,,,,
209.461,30.127653,29.971552,29.814949,29.793446,,,,,,
209.825,30.121172,29.968916,29.82295,29.788094,,,,,,
210.191,30.117918,29.954575,29.812677,29.777819,,,,,,
210.554,30.113071,29.974388,29.823671,29.789267,,,,,,
210.903,30.12244,29.969053,29.815165,29.788004,,,,,,
211.255,30.119984,29.951435,29.815876,29.790751,,,,,,
211.613,30.106308,29.964003,29.82324,29.789062,,,,,,
211.975,30.121033,29.959047,29.815794,29.786594,,,,,,
212.32,30.118851,29.962748,29.811346,29.788712,,,,,,
212.679,30.120537,29.965565,29.821634,29.79221,,,,,,
213.043,30.118979,29.9631,29.812605,29.795403,,,,,,
213.407,30.122669,29.958874,29.816753,29.79208,,,,,,
213.766,30.111364,29.953222,29.815626,29.783937,,,,,,
214.127,30.112068,29.964787,29.817688,29.788488,,,,,,
214.477,30.115154,29.97308,29.815344,29.790445,,,,,,
214.828,30.120829,29.968573,29.827133,29.787069,,,,,,
215.182,30.109602,29.967978,29.814541,29.792133,,,,,,
215.542,30.112507,29.965225,29.815636,29.791416,,,,,,
215.904,30.112047,29.961372,29.810423,29.782581,,,,,,
216.268,30.117702,29.976305,29.816761,29.797974,,,,,,
216.62,30.098694,29.954803,29.811094,29.784159,,,,,,
216.983,30.114723,29.96088,29.818985,29.782091,,,,,,
217.338,30.109129,29.963657,29.818142,29.785095,,,,,,
217.697,30.118855,29.962978,29.820179,29.791431,,,,,,
218.058,30.115755,29.96508,29.821602,29.793083,,,,,,
218.403,30.111279,29.97056,29.810787,29.781134,,,,,,
218.762,30.106033,29.936575,29.817533,29.783581,,,,,,
219.127,30.110153,29.968302,29.81826,29.786798,,,,,,
219.492,30.105946,29.959116,29.820389,29.78191,,,,,,
219.857,30.109461,29.959915,29.811909,29.788368,,,,,,
220.218,30.107498,29.951164,29.821262,29.791838,,,,,,
220.566,30.0942,29.950081,29.813164,29.777851,,,,,,
220.916,30.098612,29.957211,29.809429,29.794718,,,,,,
221.272,30.10697,29.959913,29.826393,29.7938,,,,,,
221.633,30.093212,29.952488,29.80448,29.773468,,,,,,
221.995,30.098526,29.954634,29.809116,29.768826,,,,,,
222.359,30.099907,29.962353,29.81842,29.782204,,,,,,
222.708,30.108662,29.964773,29.836233,29.795944,,,,,,
223.072,30.097197,29.950365,29.822273,29.775192,,,,,,
223.425,30.105383,29.950632,29.816883,29.778629,,,,,,
223.784,30.105932,29.967247,29.821054,29.785519,,,,,,
224.148,30.090347,29.940798,29.805008,29.776035,,,,,,
224.495,30.092615,29.956417,29.817009,29.781925,,,,,,
224.858,30.110382,29.958574,29.822111,29.798119,,,,,,
225.223,30.091612,29.944324,29.808989,29.78907,,,,,,
225.587,30.097952,29.951797,29.808996,29.785681,,,,,,
225.949,30.092999,29.953405,29.813545,29.780272,,,,,,
226.309,30.111753,29.965605,29.824163,29.797003,,,,,,
226.656,30.10243,29.957184,29.825247,29.791521,,,,,,
227.006,30.092947,29.937061,29.797422,29.788822,,,,,,
227.362,30.072495,29.942173,29.797331,29.778543,,,,,,
227.722,30.091999,29.94245,29.810055,29.77565,,,,,,
228.083,30.097073,29.949787,29.812643,29.788876,,,,,,
228.448,30.092901,29.954893,29.813902,29.789228,,,,,,
228.799,30.093237,29.955229,29.816048,29.779831,,,,,,
229.163,30.100384,29.952194,29.815502,29.792189,,,,,,
229.517,30.101734,29.946077,29.81278,29.783127,,,,,,
229.878,30.08873,29.957508,29.8009,29.781887,,,,,,
230.227,30.088791,29.954174,29.805941,29.773798,,,,,,
230.591,30.090252,29.949299,29.812834,29.784992,,,,,,
230.956,30.092873,29.951244,29.817041,29.79735,,,,,,
231.319,30.086269,29.957989,29.806133,29.783045,,,,,,
231.682,30.08465,29.940529,29.814018,29.779387,,,,,,
232.039,30.074701,29.945511,29.802481,29.773054,,,,,,
232.398,30.079977,29.93676,29.81138,29.778786,,,,,,
232.745,30.09627,29.93767,29.81546,29.783319,,,,,,
233.095,30.090376,29.94603,29.804131,29.775158,,,,,,
233.453,30.086964,29.938995,29.816334,29.765631,,,,,,
233.815,30.082279,29.944946,29.814137,29.782448,,,,,,
234.178,30.079472,29.940327,29.803181,29.786655,,,,,,
234.534,30.077364,29.942743,29.810802,29.77187,,,,,,
234.894,30.08325,29.942749,29.808544,29.774818,,,,,,
235.251,30.082205,29.930614,29.817684,29.778976,,,,,,
235.598,30.076187,29.939529,29.816189,29.786991,,,,,,
235.958,30.077274,29.938581,29.80098,29.77676,,,,,,
236.307,30.079847,29.93844,29.807177,29.781147,,,,,,
236.659,30.078196,29.940861,29.809826,29.779041,,,,,,
237.022,30.079529,29.93586,29.80867,29.780149,,,,,,
237.384,30.072247,29.93853,29.801836,29.776936,,,,,,
237.745,30.086107,29.943344,29.80846,29.787409,,,,,,
238.104,30.0821,29.945219,29.809658,29.775478,,,,,,
238.465,30.084068,29.948999,29.810495,29.773827,,,,,,
238.813,30.074415,29.93391,29.803326,29.775484,,,,,,
239.163,30.08144,29.938902,29.811485,29.77776,,,,,,
239.523,30.062876,29.931419,29.803776,29.772539,,,,,,
239.887,30.084188,29.949345,29.818991,29.781416,,,,,,
240.237,30.068842,29.940783,29.804089,29.773983,,,,,,
240.601,30.065777,29.938169,29.816187,29.779066,,,,,,
240.966,30.076929,29.938236,29.80335,29.786148,,,,,,
241.331,30.072044,29.945795,29.808424,29.776281,,,,,,
241.683,30.062284,29.935581,29.801374,29.774439,,,,,,
242.042,30.074013,29.930115,29.806318,29.780062,,,,,,
242.392,30.069029,29.938932,29.815365,29.791824,,,,,,
242.743,30.06053,29.934052,29.797354,29.776756,,,,,,
243.096,30.072744,29.947628,29.801203,29.773134,,,,,,
243.459,30.072145,29.936392,29.800375,29.775476,,,,,,
243.823,30.078423,29.94471,29.811184,29.776552,,,,,,
244.187,30.061199,29.936079,29.793951,29.776974,,,,,,
244.547,30.072577,29.937956,29.802843,29.78134,,,,,,
244.896,30.063637,29.92132,29.807255,29.772621,,,,,,
245.246,30.064449,29.934126,29.806709,29.780905,,,,,,
245.604,30.059582,29.934689,29.809536,29.778072,,,,,,
245.966,30.074781,29.941971,29.822704,29.777887,,,,,,
246.314,30.056505,29.941793,29.809174,29.779068,,,,,,
246.679,30.069221,29.934149,29.804241,29.779343,,,,,,
247.042,30.069038,29.939169,29.803379,29.785271,,,,,,
247.405,30.057238,29.928722,29.805378,29.772783,,,,,,
247.761,30.062389,29.931839,29.81144,29.7673,,,,,,
248.12,30.049164,29.929472,29.799564,29.764254,,,,,,
248.467,30.06637,29.937405,29.80003,29.776035,,,,,,
248.817,30.055933,29.936016,29.801357,29.770573,,,,,,
249.173,30.075272,29.942234,29.822742,29.78381,,,,,,
249.532,30.066845,29.938786,29.806391,29.776964,,,,,,
249.89,30.060406,29.926235,29.797459,29.774595,,,,,,
250.249,30.061348,29.931023,29.8027,29.768068,,,,,,
250.596,30.059996,29.936234,29.807007,29.782787,,,,,,
250.961,30.052914,29.935259,29.802637,29.768911,,,,,,
251.312,30.051758,29.928446,29.802837,29.763678,,,,,,
251.672,30.06266,29.925774,29.796543,29.771193,,,,,,
252.037,30.069542,29.940351,29.812031,29.781927,,,,,,
252.386,30.066883,29.94018,29.811407,29.774738,,,,,,
252.752,30.070208,29.938076,29.806812,29.781914,,,,,,
253.117,30.049902,29.917086,29.795776,29.76635,,,,,,
253.482,30.053509,29.92952,29.790331,29.758413,,,,,,
253.843,30.061066,29.929836,29.80287,29.775707,,,,,,
254.205,30.054571,29.934654,29.804068,29.776905,,,,,,
254.554,30.058178,29.937357,29.811979,29.774178,,,,,,
254.905,30.055328,29.931789,29.805731,29.777437,,,,,,
255.263,30.05759,29.92025,29.801205,29.779926,,,,,,
255.625,30.057356,29.925447,29.803234,29.772676,,,,,,
255.986,30.046785,29.93207,29.802164,29.766851,,,,,,
256.345,30.053253,29.935825,29.797997,29.775362,,,,,,
256.694,30.051546,29.924387,29.792667,29.767315,,,,,,
257.058,30.058466,29.944433,29.801628,29.782389,,,,,,
257.409,30.052683,29.923035,29.795162,29.767773,,,,,,
257.769,30.062342,29.932243,29.810034,29.775402,,,,,,
258.134,30.052345,29.936501,29.80682,29.776489,,,,,,
258.483,30.048321,29.922972,29.801889,29.766579,,,,,,
258.848,30.050423,29.91489,29.804899,29.770945,,,,,,
259.212,30.055264,29.928558,29.807478,29.774883,,,,,,
259.577,30.065811,29.940693,29.809431,29.774345,,,,,,
259.932,30.047205,29.924118,29.797152,29.76931,,,,,,
260.293,30.046495,29.923861,29.795988,29.762941,,,,,,
260.642,30.055849,29.918509,29.792898,29.763699,,,,,,
260.993,30.045172,29.919144,29.796703,29.756184,,,,,,
261.351,30.058161,29.929646,29.802906,29.768047,,,,,,
261.711,30.046438,29.91362,29.793215,29.767862,,,,,,
262.072,30.055162,29.925287,29.800812,29.769348,,,,,,
262.434,30.042982,29.929171,29.791115,29.764631,,,,,,
262.783,30.063562,29.926901,29.80582,29.778206,,,,,,
263.147,30.048317,29.930435,29.7917,29.771328,,,,,,
263.496,30.054976,29.921707,29.801983,29.769388,,,,,,
263.855,30.0488,29.917114,29.796709,29.758001,,,,,,
264.205,30.045406,29.924128,29.795578,29.767962,,,,,,
264.552,30.050211,29.925993,29.802649,29.771637,,,,,,
264.911,30.049438,29.924543,29.799614,29.766338,,,,,,
265.275,30.047373,29.928358,29.797771,29.775362,,,,,,
265.638,30.061306,29.926908,29.806055,29.775043,,,,,,
265.999,30.055773,29.922504,29.797123,29.77426,,,,,,
266.359,30.06216,29.92301,29.801023,29.769787,,,,,,
266.705,30.046814,29.92712,29.804909,29.777973,,,,,,
267.055,30.039389,29.935535,29.801556,29.779146,,,,,,
267.413,30.057053,29.92469,29.799536,29.763092,,,,,,
267.775,30.048027,29.918379,29.795033,29.761984,,,,,,
268.14,30.057951,29.929209,29.81492,29.769196,,,,,,
268.507,30.058004,29.927679,29.819048,29.783285,,,,,,
268.856,30.056366,29.929434,29.79862,29.772137,,,,,,
269.221,30.053747,29.930662,29.802794,29.775404,,,,,,
269.575,30.054714,29.932533,29.801497,29.76392,,,,,,
269.933,30.050194,29.91715,29.79788,29.771849,,,,,,
270.281,30.041151,29.923719,29.793131,29.763477,,,,,,
270.631,30.049465,29.928867,29.799866,29.765007,,,,,,
270.99,30.050289,29.93965,29.806124,29.771717,,,,,,
271.355,30.060965,29.931772,29.807297,29.777191,,,,,,
271.72,30.049189,29.921576,29.801626,29.772879,,,,,,
272.085,30.057051,29.932835,29.801344,29.773729,,,,,,
272.447,30.053406,29.930773,29.802675,29.772572,,,,,,
272.795,30.047419,29.932478,29.798498,29.765223,,,,,,
273.145,30.050848,29.927988,29.80691,29.778614,,,,,,
273.502,30.050114,29.932911,29.814548,29.776522,,,,,,
273.863,30.061884,29.934048,29.813423,29.783997,,,,,,
274.211,30.047728,29.930752,29.800844,29.769154,,,,,,
274.575,30.048149,29.923479,29.795155,29.764822,,,,,,
274.939,30.057627,29.928659,29.804863,29.771589,,,,,,
275.302,30.055161,29.938639,29.801264,29.768215,,,,,,
275.657,30.05472,29.917606,29.802633,29.773661,,,,,,
276.017,30.05826,29.915714,29.798706,29.767242,,,,,,
276.364,30.054859,29.925665,29.804811,29.77878,,,,,,
276.726,30.051483,29.924099,29.794868,29.768837,,,,,,
277.089,30.052486,29.933247,29.808321,29.775499,,,,,,
277.454,30.042917,29.924807,29.802593,29.764339,,,,,,
277.819,30.043552,29.928158,29.801193,29.771088,,,,,,
278.178,30.036507,29.921112,29.785316,29.774904,,,,,,
278.538,30.031595,29.915295,29.789909,29.768179,,,,,,
278.887,30.044901,29.934259,29.804127,29.7747,,,,,,
279.238,30.0319,29.92465,29.799948,29.762146,,,,,,
279.594,30.047119,29.93331,29.805893,29.779636,,,,,,
279.955,30.034834,29.921249,29.795414,29.763496,,,,,,
280.304,30.055294,29.940355,29.806829,29.783062,,,,,,
280.668,30.044659,29.923834,29.798452,29.771063,,,,,,
281.03,30.046974,29.920719,29.786509,29.769533,,,,,,
281.39,30.037693,29.911211,29.794653,29.758888,,,,,,
281.738,30.052032,29.944107,29.808092,29.772781,,,,,,
282.098,30.049395,29.926083,29.806812,29.782141,,,,,,
282.448,30.041079,29.929758,29.786495,29.765217,,,,,,
282.799,30.042747,29.921696,29.789524,29.766434,,,,,,
283.158,30.041323,29.921629,29.798283,29.772478,,,,,,
283.52,30.040159,29.922503,29.791462,29.761808,,,,,,
283.881,30.036783,29.912336,29.7908,29.751865,,,,,,
284.243,30.051079,29.935007,29.798538,29.777033,,,,,,
284.591,30.041088,29.91913,29.79669,29.769753,,,,,,
284.956,30.050135,29.924561,29.804157,29.770432,,,,,,
285.307,30.046839,29.923752,29.797691,29.758532,,,,,,
285.667,30.047651,29.933844,29.805294,29.770435,,,,,,
286.032,30.048428,29.916742,29.800865,29.763969,,,,,,
286.381,30.058088,29.934551,29.822073,29.779972,,,,,,
286.746,30.041958,29.924753,29.799824,29.769945,,,,,,
287.111,30.040356,29.917719,29.797995,29.76721,,,,,,
287.475,30.035555,29.919706,29.791834,29.782328,,,,,,
287.825,30.046646,29.931932,29.805195,29.770561,,,,,,
288.185,30.036806,29.927521,29.804403,29.774298,,,,,,
288.535,30.034904,29.929239,29.797747,29.767868,,,,,,
288.885,30.052862,29.934982,29.801001,29.768633,,,,,,
289.244,30.044973,29.92347,29.799673,29.763229,,,,,,
289.609,30.041384,29.917843,29.79744,29.774576,,,,,,
289.971,30.041115,29.923004,29.790152,29.765932,,,,,,
290.333,30.039732,29.921848,29.793524,29.763191,,,,,,
290.696,30.05117,29.928085,29.802479,29.771015,,,,,,
291.059,30.030943,29.921204,29.789257,29.757114,,,,,,
291.412,30.041809,29.918493,29.791979,29.757118,,,,,,
291.771,30.027287,29.91053,29.797594,29.753,,,,,,
292.132,30.045628,29.928198,29.802139,29.767054,,,,,,
292.481,30.040571,29.923592,29.793457,29.759277,,,,,,
292.846,30.031227,29.912436,29.787052,29.768263,,,,,,
293.212,30.037384,29.918142,29.794117,29.773972,,,,,,
293.572,30.032436,29.924734,29.797316,29.766758,,,,,,
293.923,30.037964,29.928226,29.795828,29.763006,,,,,,
294.284,30.024763,29.920904,29.786242,29.754324,,,,,,
294.633,30.04203,29.913511,29.801933,29.772507,,,,,,
294.998,30.041759,29.912334,29.787403,29.762278,,,,,,
295.362,30.038897,29.924408,29.809664,29.768467,,,,,,
295.727,30.02317,29.923613,29.791666,29.758163,,,,,,
296.09,30.032066,29.914181,29.786533,29.760727,,,,,,
296.436,30.034828,29.914001,29.806273,29.766886,,,,,,
296.797,30.03467,29.931042,29.790043,29.772161,,,,,,
297.162,30.032486,29.911432,29.790121,29.762053,,,,,,
297.52,30.0298,29.912367,29.793095,29.754612,,,,,,
297.883,30.029959,29.920219,29.794384,29.766315,,,,,,
298.232,30.032808,29.920128,29.797913,29.765545,,,,,,
298.598,30.035778,29.925362,29.800207,29.769875,,,,,,
298.963,30.025873,29.91387,29.78441,29.759964,,,,,,
299.327,30.033178,29.922762,29.793531,29.765463,,,,,,
299.717,30.033159,29.917084,29.796228,29.76318,,,,,,
300.081,30.040092,29.919041,29.800674,29.77487,,,,,,
300.445,30.030676,29.913242,29.792837,29.761827,,,,,,
300.795,30.04216,29.928576,29.798668,29.77739,,,,,,
301.16,30.031769,29.925198,29.798685,29.774466,,,,,,
301.511,30.024137,29.911907,29.787882,29.758453,,,,,,
301.88,30.027536,29.925716,29.803505,29.770229,,,,,,
302.228,30.048138,29.927313,29.806911,29.773865,,,,,,
302.587,30.036543,29.933142,29.789427,29.761585,,,,,,
302.95,30.031143,29.903753,29.789003,29.763426,,,,,,
303.314,30.039526,29.91938,29.789696,29.779509,,,,,,
303.678,30.02247,29.918386,29.796173,29.771952,,,,,,
304.039,30.025578,29.91991,29.788868,29.757631,,,,,,
304.399,30.035826,29.918844,29.787125,29.760187,,,,,,
304.747,30.053703,29.936049,29.803654,29.771963,,,,,,
305.097,30.036703,29.921988,29.803848,29.761972,,,,,,
305.458,30.033682,29.923717,29.798336,29.759628,,,,,,
305.825,30.037699,29.930677,29.799639,29.779945,,,,,,
306.189,30.029604,29.913074,29.795839,29.754189,,,,,,
306.554,30.011906,29.909857,29.774284,29.752554,,,,,,
306.903,30.030983,29.921923,29.805595,29.763039,,,,,,
307.268,30.038101,29.924744,29.803888,29.771973,,,,,,
307.618,30.030371,29.905018,29.797512,29.762426,,,,,,
307.978,30.032768,29.931175,29.804438,29.767994,,,,,,
308.327,30.034069,29.92433,29.794195,29.761826,,,,,,
308.691,30.026541,29.918158,29.790058,29.765385,,,,,,
309.054,30.031126,29.923197,29.798267,29.766125,,,,,,
309.415,30.025471,29.915051,29.791025,29.75526,,,,,,
309.779,30.041868,29.922174,29.799282,29.758537,,,,,,
310.133,30.022039,29.910713,29.778538,29.758617,,,,,,
310.491,30.033663,29.915777,29.79492,29.758024,,,,,,
310.838,30.031656,29.927122,29.797892,29.775709,,,,,,
311.188,30.03429,29.91799,29.7917,29.767706,,,,,,
311.543,30.021708,29.915586,29.783411,29.756021,,,,,,
311.902,30.028225,29.915316,29.789253,29.757336,,,,,,
312.251,30.033684,29.914215,29.785662,29.764383,,,,,,
312.615,30.029079,29.910967,29.786261,29.743477,,,,,,
312.979,30.031408,29.916689,29.792664,29.765953,,,,,,
313.34,30.018585,29.909069,29.789795,29.751539,,,,,,
313.697,30.016384,29.912523,29.777859,29.754543,,,,,,
314.059,30.035345,29.917233,29.802713,29.768082,,,,,,
314.406,30.031412,29.912846,29.795158,29.762335,,,,,,
314.757,30.024374,29.902185,29.777477,29.75371,,,,,,
315.111,30.028236,29.907635,29.789267,29.750557,,,,,,
315.471,30.037813,29.913591,29.796129,29.757421,,,,,,
315.831,30.023577,29.916098,29.786188,29.755856,,,,,,
316.191,30.016172,29.91548,29.789869,29.759537,,,,,,
316.552,30.025747,29.915327,29.788811,29.748066,,,,,,
316.9,30.030735,29.92371,29.806931,29.77524,,,,,,
317.252,30.029951,29.919308,29.79845,29.762007,,,,,,
317.611,30.026571,29.906647,29.793257,29.757492,,,,,,
317.976,30.029718,29.912285,29.7869,29.750908,,,,,,
318.326,30.013056,29.901953,29.776793,29.750761,,,,,,
318.691,30.016853,29.90892,29.786024,29.763163,,,,,,
319.056,30.022142,29.918283,29.796295,29.759172,,,,,,
319.42,30.029079,29.915493,29.79871,29.762493,,,,,,
319.773,30.020544,29.909445,29.794018,29.752142,,,,,,
320.133,30.028076,29.918789,29.792953,29.749718,,,,,,
320.483,30.019541,29.904819,29.786222,29.757927,,,,,,
320.834,30.028093,29.912243,29.791613,29.762865,,,,,,
321.193,30.021013,29.901766,29.783396,29.758722,,,,,,
321.557,30.019123,29.913906,29.784901,29.758869,,,,,,
321.92,30.014578,29.901667,29.790766,29.761566,,,,,,
322.287,30.023487,29.914198,29.782024,29.750107,,,,,,
322.65,30.028397,29.910284,29.791916,29.762262,,,,,,
323.015,30.019646,29.907642,29.790178,29.751923,,,,,,
323.366,30.025473,29.903738,29.776314,29.760695,,,,,,
323.723,30.030981,29.905853,29.794048,29.753756,,,,,,
324.084,30.029032,29.917933,29.788248,29.76335,,,,,,
324.433,30.014116,29.901205,29.779213,29.752048,,,,,,
324.798,30.007713,29.904984,29.777334,29.748133,,,,,,
325.161,30.00893,29.912537,29.777872,29.752066,,,,,,
325.524,30.02177,29.905239,29.785965,29.755178,,,,,,
325.877,30.018536,29.900646,29.781143,29.749453,,,,,,
326.237,30.019207,29.906296,29.780684,29.748993,,,,,,
326.583,30.023401,29.913433,29.78805,29.752058,,,,,,
326.947,30.016235,29.896988,29.771599,29.75032,,,,,,
327.312,30.009134,29.899616,29.784414,29.753403,,,,,,
327.677,30.017817,29.903774,29.7931,29.755072,,,,,,
328.04,30.017187,29.903145,29.776852,29.747198,,,,,,
328.386,30.02269,29.909328,29.788242,29.755646,,,,,,
328.748,30.013102,29.903811,29.78227,29.747637,,,,,,
329.113,30.008154,29.904291,29.778679,29.752193,,,,,,
329.464,30.009523,29.906794,29.787066,29.749943,,,,,,
329.823,30.012745,29.90979,29.785084,29.757467,,,,,,
330.188,30.019018,29.905655,29.784117,29.758085,,,,,,
330.537,30.015905,29.908424,29.781229,29.75248,,,,,,
330.902,30.023726,29.917377,29.785429,29.755096,,,,,,
331.268,30.032236,29.900093,29.791908,29.759539,,,,,,
331.633,30.012913,29.910637,29.781631,29.759447,,,,,,
331.984,30.022055,29.908239,29.79417,29.766781,,,,,,
332.343,30.023327,29.903175,29.78141,29.75334,,,,,,
332.693,30.028749,29.906336,29.797701,29.757635,,,,,,
333.056,30.017216,29.907021,29.783445,29.75832,,,,,,
333.421,30.022034,29.90686,29.795961,29.758385,,,,,,
333.788,30.027395,29.918335,29.790236,29.756733,,,,,,
334.153,30.018749,29.912855,29.791771,29.770493,,,,,,
334.499,30.02235,29.914192,29.786545,29.765945,,,,,,
334.858,30.013655,29.895763,29.782598,29.753624,,,,,,
335.223,30.015385,29.909489,29.784103,29.751053,,,,,,
335.589,30.008646,29.899353,29.771475,29.75812,,,,,,
335.954,30.018246,29.909861,29.787191,29.762291,,,,,,
336.302,30.022476,29.914545,29.791424,29.761318,,,,,,
336.668,30.012112,29.898067,29.776752,29.747326,,,,,,
337.02,30.016758,29.899321,29.782761,29.758087,,,,,,
337.38,30.036207,29.909044,29.801088,29.76306,,,,,,
337.745,30.005621,29.896555,29.780672,29.747171,,,,,,
338.111,30.021208,29.912598,29.787212,29.753033,,,,,,
338.476,30.016842,29.912756,29.787598,29.763603,,,,,,
338.826,30.026112,29.914333,29.785101,29.760654,,,,,,
339.191,30.031166,29.908302,29.797176,29.755301,,,,,,
339.544,30.01582,29.912413,29.792233,29.768919,,,,,,
339.904,30.017096,29.907354,29.784004,29.752087,,,,,,
340.254,30.02216,29.909023,29.790201,29.756247,,,,,,
340.604,30.024176,29.921904,29.787693,29.766867,,,,,,
340.964,30.017515,29.913431,29.781483,29.75975,,,,,,
341.327,30.026083,29.925619,29.795485,29.766964,,,,,,
341.69,30.023392,29.917725,29.794151,29.768799,,,,,,
342.053,30.026711,29.920816,29.791813,29.771893,,,,,,
342.416,30.023911,29.918468,29.790142,29.756189,,,,,,
342.765,30.030912,29.918005,29.796921,29.769079,,,,,,
343.118,30.013081,29.908316,29.782928,29.761198,,,,,,
343.478,30.015959,29.912327,29.788527,29.759777,,,,,,
343.842,30.023787,29.916986,29.779379,29.752441,,,,,,
344.207,30.02743,29.916105,29.792759,29.772614,,,,,,
344.571,30.025803,29.926472,29.787056,29.759893,,,,,,
344.92,30.017389,29.90312,29.783617,29.758944,,,,,,
345.285,30.027037,29.909828,29.795988,29.759996,,,,,,
345.64,30.028828,29.916145,29.794836,29.756128,,,,,,
346.002,30.020994,29.907179,29.785416,29.751007,,,,,,
346.351,30.025066,29.921209,29.789717,29.761194,,,,,,
346.702,30.019445,29.918077,29.794956,29.761229,,,,,,
347.06,30.020779,29.91081,29.787916,29.753735,,,,,,
347.421,30.036621,29.921906,29.791542,29.768908,,,,,,
347.782,30.022753,29.918896,29.80234,29.7582,,,,,,
348.142,30.026079,29.921091,29.797293,29.768997,,,,,,
348.504,30.020679,29.916368,29.795963,29.764954,,,,,,
348.852,30.019205,29.911726,29.788378,29.766647,,,,,,
349.203,30.018482,29.919828,29.789692,29.757322,,,,,,
349.562,30.027319,29.916447,29.797401,29.757336,,,,,,
349.928,30.021465,29.915571,29.793129,29.757591,,,,,,
350.277,30.024467,29.91337,29.787533,29.755161,,,,,,
350.643,30.026596,29.913008,29.791245,29.756384,,,,,,
351.008,30.0289,29.909882,29.788118,29.760275,,,,,,
351.374,30.03252,29.925949,29.802151,29.766613,,,,,,
351.728,30.01577,29.905123,29.778151,29.752119,,,,,,
352.088,30.032696,29.910284,29.793047,29.757734,,,,,,
352.438,30.028255,29.92621,29.810787,29.774797,,,,,,
352.789,30.031399,29.912834,29.794918,29.768888,,,,,,
353.148,30.035053,29.918074,29.802423,29.766434,,,,,,
353.513,30.01663,29.913225,29.78784,29.752073,,,,,,
353.877,30.026114,29.924294,29.797781,29.767448,,,,,,
354.23,30.025141,29.915627,29.792959,29.752893,,,,,,
354.576,30.026419,29.923014,29.796274,29.767754,,,,,,
354.941,30.028412,29.922518,29.784235,29.766125,,,,,,
355.291,30.031096,29.921129,29.798689,29.768358,,,,,,
355.65,30.025145,29.92672,29.790474,29.773724,,,,,,
356.015,30.028027,29.929827,29.787697,29.761663,,,,,,
356.364,30.029297,29.934944,29.809565,29.777424,,,,,,
356.729,30.027822,29.91695,29.794283,29.763725,,,,,,
357.095,30.030745,29.928473,29.800602,29.767553,,,,,,
357.46,30.014204,29.913286,29.784281,29.761869,,,,,,
357.813,30.030617,29.922234,29.796398,29.766068,,,,,,
358.173,30.030321,29.924656,29.790445,29.752417,,,,,,
358.523,30.032436,29.923828,29.798447,29.772415,,,,,,
358.874,30.030687,29.924343,29.793755,29.765686,,,,,,
359.235,30.03035,29.920837,29.794096,29.769197,,,,,,
359.6,30.035297,29.928499,29.797913,29.770071,,,,,,
359.963,30.02882,29.927454,29.792339,29.767666,,,,,,
360.32,30.019117,29.926121,29.794174,29.768143,,,,,,
360.666,30.026497,29.916758,29.790468,29.761267,,,,,,
361.031,30.027115,29.922804,29.787916,29.765732,,,,,,
361.382,30.026472,29.92103,29.800629,29.764637,,,,,,
361.75,30.030207,29.921146,29.807306,29.769279,,,,,,
362.115,30.023598,29.917929,29.79413,29.76923,,,,,,
362.464,30.023518,29.92577,29.797218,29.765303,,,,,,
362.83,30.027166,29.925573,29.800417,29.765558,,,,,,
363.194,30.029583,29.923237,29.798759,29.768202,,,,,,
363.559,30.038258,29.938929,29.805403,29.772808,,,,,,
363.91,30.031965,29.916569,29.796165,29.764475,,,,,,
364.27,30.031378,29.914398,29.794672,29.766603,,,,,,
364.619,30.02524,29.920702,29.794641,29.761366,,,,,,
364.974,30.034344,29.928452,29.799675,29.774776,,,,,,
365.339,30.036501,29.926764,29.803419,29.769691,,,,,,
365.704,30.025036,29.933172,29.800323,29.766369,,,,,,
366.069,30.030827,29.930138,29.797741,29.766277,,,,,,
366.416,30.02767,29.926304,29.792999,29.764027,,,,,,
366.775,30.026949,29.913361,29.8002,29.763529,,,,,,
367.135,30.02013,29.919214,29.79134,29.75218,,,,,,
367.483,30.017838,29.913979,29.78565,29.766184,,,,,,
367.842,30.030794,29.922638,29.791597,29.761717,,,,,,
368.207,30.025406,29.920643,29.792318,29.768324,,,,,,
368.555,30.027643,29.924465,29.800442,29.761736,,,,,,
368.921,30.030138,29.93556,29.807917,29.77487,,,,,,
369.286,30.025997,29.925083,29.806717,29.770954,,,,,,
369.649,30.033905,29.927334,29.794256,29.771395,,,,,,
370,30.023252,29.921431,29.807138,29.76549,,,,,,
370.36,30.023129,29.915197,29.791851,29.762877,,,,,,
370.71,30.018059,29.909222,29.789721,29.757126,,,,,,
371.064,30.027445,29.927435,29.797979,29.765158,,,,,,
371.429,30.018824,29.918133,29.787317,29.762869,,,,,,
371.794,30.020742,29.923222,29.803724,29.756189,,,,,,
372.16,30.01985,29.914408,29.79355,29.756201,,,,,,
372.507,30.027229,29.917263,29.802744,29.764263,,,,,,
372.865,30.024435,29.913109,29.800854,29.763504,,,,,,
373.229,30.026007,29.922829,29.798124,29.771641,,,,,,
373.583,30.0305,29.931849,29.803753,29.767309,,,,,,
373.944,30.026121,29.923395,29.796656,29.764513,,,,,,
374.293,30.008902,29.90572,29.783276,29.752943,,,,,,
374.658,30.022825,29.909916,29.78023,29.767326,,,,,,
375.021,30.015047,29.908245,29.787613,29.759544,,,,,,
375.384,30.028835,29.910948,29.792807,29.758173,,,,,,
375.746,30.012367,29.92005,29.790592,29.756865,,,,,,
376.098,30.026266,29.924673,29.793633,29.756283,,,,,,
376.457,30.022034,29.909576,29.786455,29.762688,,,,,,
376.806,30.013737,29.91214,29.778379,29.75461,,,,,,
377.171,30.018456,29.912786,29.788761,29.757975,,,,,,
377.536,30.018078,29.905619,29.789513,29.749447,,,,,,
377.9,30.011545,29.906101,29.785921,29.753098,,,,,,
378.246,30.018511,29.905827,29.791985,29.751238,,,,,,
378.598,30.005156,29.915323,29.784508,29.754854,,,,,,
378.956,30.025927,29.918674,29.791029,29.759563,,,,,,
379.317,30.018124,29.919018,29.78956,29.763077,,,,,,
379.667,30.02211,29.912369,29.793095,29.759821,,,,,,
380.028,30.011776,29.898186,29.787058,29.752876,,,,,,
380.375,30.012802,29.906906,29.793064,29.749376,,,,,,
380.74,30.011305,29.909254,29.78138,29.746744,,,,,,
381.106,30.016937,29.906967,29.788599,29.751022,,,,,,
381.47,30.009703,29.886831,29.779097,29.748989,,,,,,
381.834,30.012991,29.913204,29.791216,29.767673,,,,,,
382.183,30.008112,29.907192,29.782259,29.741966,,,,,,
382.543,30.004803,29.907957,29.782797,29.749748,,,,,,
382.892,30.009487,29.909925,29.779333,29.751265,,,,,,
383.256,30.012543,29.906872,29.780581,29.744589,,,,,,
383.621,30.012157,29.905582,29.791286,29.765936,,,,,,
383.985,30.018034,29.916212,29.789017,29.753931,,,,,,
384.334,29.999603,29.91045,29.784838,29.747488,,,,,,
384.686,30.011967,29.910597,29.783854,29.753521,,,,,,
385.043,30.006397,29.900724,29.772846,29.738438,,,,,,
385.404,30.009007,29.91103,29.788815,29.746258,,,,,,
385.754,30.003626,29.89637,29.776186,29.736118,,,,,,
386.114,30.006468,29.911207,29.788084,29.748245,,,,,,
386.463,30.008413,29.905005,29.787992,29.7477,,,,,,
386.829,30.00914,29.899622,29.78125,29.758841,,,,,,
387.195,30.002817,29.90416,29.781263,29.737801,,,,,,
387.558,30.0042,29.902147,29.770874,29.748011,,,,,,
387.922,30.004253,29.900393,29.778399,29.740143,,,,,,
388.267,30.004339,29.893236,29.776447,29.744982,,,,,,
388.627,30.009119,29.898018,29.778515,29.738899,,,,,,
388.992,30.010313,29.908714,29.780386,29.740093,,,,,,
389.357,30.012426,29.908792,29.784992,29.734737,,,,,,
389.721,30.006197,29.903467,29.771742,29.740955,,,,,,
390.083,30.004936,29.908543,29.778856,29.747164,,,,,,
390.431,30.005785,29.90283,29.774273,29.747787,,,,,,
390.784,29.995188,29.890873,29.767746,29.735826,,,,,,
391.144,30.014425,29.897894,29.775673,29.74715,,,,,,
391.51,30.001345,29.901556,29.782732,29.744476,,,,,,
391.875,30.001535,29.885677,29.772057,29.743309,,,,,,
392.239,30.00132,29.890896,29.766184,29.741283,,,,,,
392.589,30.004555,29.910198,29.779154,29.754932,,,,,,
392.955,29.993412,29.901091,29.770721,29.734276,,,,,,
393.306,30.005215,29.906105,29.775059,29.744499,,,,,,
393.667,30.00478,29.901823,29.774851,29.747913,,,,,,
394.032,29.997318,29.883272,29.764444,29.738411,,,,,,
394.382,30.006723,29.892452,29.776796,29.745783,,,,,,
394.748,29.998131,29.894043,29.769785,29.738319,,,,,,
395.113,29.999495,29.890654,29.772507,29.745115,,,,,,
395.479,29.999628,29.900066,29.774677,29.75091,,,,,,
395.839,29.996124,29.904934,29.778643,29.74197,,,,,,
396.199,30.005585,29.901724,29.772488,29.748718,,,,,,
396.547,30.003977,29.899662,29.776537,29.740318,,,,,,
396.898,30.007387,29.907373,29.780855,29.745316,,,,,,
397.281,30.004055,29.898157,29.767561,29.743114,,,,,,
397.643,30.002178,29.889036,29.772474,29.732632,,,,,,
398.005,29.994644,29.891459,29.770144,29.731432,,,,,,
398.355,30.002066,29.904766,29.777117,29.738859,,,,,,
398.702,30.004475,29.895636,29.781338,29.743082,,,,,,
399.067,29.997883,29.890398,29.759123,29.727655,,,,,,
399.418,30.001925,29.885614,29.771994,29.747999,,,,,,
399.774,30.010321,29.888355,29.774055,29.74395,,,,,,
400.134,29.988972,29.892801,29.767637,29.743191,,,,,,
400.481,30.001637,29.893927,29.781214,29.738203,,,,,,
400.847,30.007776,29.901651,29.775358,29.739592,,,,,,
401.211,29.992268,29.892702,29.77433,29.742186,,,,,,
401.574,29.999464,29.890169,29.756403,29.739426,,,,,,
401.93,29.996431,29.887362,29.764687,29.731411,,,,,,
402.29,29.988482,29.893215,29.7719,29.731153,,,,,,
402.638,29.992002,29.88316,29.766596,29.73513,,,,,,
402.988,29.996607,29.892969,29.766222,29.736341,,,,,,
403.348,30.004765,29.895699,29.770535,29.748577,,,,,,
403.713,29.982645,29.882626,29.76063,29.722824,,,,,,
404.078,29.996294,29.887226,29.760929,29.733765,,,,,,
404.44,29.990675,29.880472,29.76753,29.734932,,,,,,
404.789,29.992912,29.887917,29.760035,29.726078,,,,,,
405.153,29.99024,29.8866,29.763474,29.738119,,,,,,
405.505,29.989664,29.879009,29.763803,29.725771,,,,,,
405.863,29.997026,29.893616,29.772753,29.740608,,,,,,
406.21,29.999191,29.900986,29.769485,29.738926,,,,,,
406.575,29.987047,29.87458,29.76141,29.733566,,,,,,
406.939,29.992744,29.893181,29.778429,29.736551,,,,,,
407.303,29.998095,29.883596,29.76409,29.737604,,,,,,
407.666,29.984415,29.88485,29.759911,29.735235,,,,,,
408.019,29.992983,29.890701,29.772102,29.728865,,,,,,
408.379,29.989765,29.881149,29.75983,29.727005,,,,,,
408.726,29.991606,29.889326,29.758049,29.722734,,,,,,
409.083,29.991312,29.893332,29.765224,29.742815,,,,,,
409.445,29.994125,29.88913,29.763512,29.733404,,,,,,
409.81,29.991543,29.890169,29.771795,29.738972,,,,,,
410.175,29.985178,29.891949,29.767237,29.726263,,,,,,
410.533,29.989059,29.883837,29.765236,29.738298,,,,,,
410.881,29.985146,29.877207,29.754755,29.727364,,,,,,
411.246,29.988008,29.87328,29.753771,29.715965,,,,,,
411.597,29.990582,29.881287,29.764269,29.726011,,,,,,
411.956,29.98613,29.883848,29.765247,29.731064,,,,,,
412.304,29.990055,29.879175,29.757856,29.722088,,,,,,
412.67,29.989737,29.876593,29.754368,29.732183,,,,,,
413.034,29.991821,29.873926,29.759171,29.729742,,,,,,
413.397,30.001925,29.892405,29.772673,29.737585,,,,,,
413.761,29.998798,29.88294,29.763208,29.720196,,,,,,
414.112,29.99848,29.887827,29.765606,29.728479,,,,,,
414.471,29.994835,29.884182,29.763771,29.731852,,,,,,
414.818,29.991112,29.877968,29.756422,29.724503,,,,,,
415.176,29.982267,29.869122,29.750292,29.716333,,,,,,
415.539,29.98782,29.876261,29.757658,29.73004,,,,,,
415.904,29.997011,29.885452,29.769567,29.723162,,,,,,
416.254,29.98489,29.87446,29.755178,29.717146,,,,,,
416.615,29.99095,29.89048,29.758978,29.731586,,,,,,
416.979,29.982975,29.874582,29.764807,29.7141,,,,,,
417.344,29.995113,29.882423,29.753635,29.7353,,,,,,
417.696,29.989401,29.886442,29.760372,29.725056,,,,,,
418.056,29.981964,29.882626,29.756554,29.71739,,,,,,
418.405,29.986013,29.880112,29.754717,29.721893,,,,,,
418.772,29.98929,29.87162,29.756413,29.724945,,,,,,
419.138,29.985285,29.873951,29.759195,29.732935,,,,,,
419.503,29.975964,29.872776,29.764132,29.720442,,,,,,
419.868,29.988495,29.875351,29.757652,29.728903,,,,,,
420.213,29.9809,29.873184,29.750732,29.720398,,,,,,
420.573,29.992371,29.888054,29.760172,29.735498,,,,,,
420.938,29.98354,29.872431,29.753828,29.728926,,,,,,
421.304,29.984818,29.87982,29.747635,29.726582,,,,,,
421.67,29.986822,29.867569,29.751453,29.720665,,,,,,
422.033,29.987753,29.87574,29.758495,29.727934,,,,,,
422.381,29.981661,29.874853,29.749458,29.723198,,,,,,
422.734,29.991604,29.885025,29.752388,29.729071,,,,,,
423.094,29.984156,29.879837,29.761007,29.722298,,,,,,
423.459,29.988602,29.88632,29.760475,29.735121,,,,,,
423.825,29.988674,29.878698,29.749229,29.72365,,,,,,
424.175,29.97747,29.866587,29.746624,29.715609,,,,,,
424.519,29.979885,29.880545,29.765339,29.726175,,,,,,
424.883,29.983175,29.879761,29.759348,29.728107,,,,,,
425.241,29.984104,29.873222,29.755072,29.712511,,,,,,
425.6,29.984049,29.883125,29.758184,29.716759,,,,,,
425.96,29.986713,29.87538,29.748854,29.711727,,,,,,
426.306,29.985882,29.873869,29.757755,29.726063,,,,,,
426.666,29.984764,29.870487,29.756184,29.731281,,,,,,
427.031,29.981932,29.866976,29.747238,29.721432,,,,,,
427.396,29.983288,29.870144,29.748369,29.719845,,,,,,
427.761,29.981392,29.868473,29.741266,29.713873,,,,,,
428.123,29.987423,29.872919,29.752279,29.72036,,,,,,
428.472,29.9799,29.875807,29.756298,29.718493,,,,,,
428.825,29.974499,29.864521,29.750216,29.710825,,,,,,
429.185,29.989958,29.877947,29.764097,29.72901,,,,,,
429.551,29.979855,29.877798,29.749462,29.715506,,,,,,
429.917,29.99268,29.874784,29.750748,29.726299,,,,,,
430.281,29.987829,29.867443,29.756308,29.724615,,,,,,
430.631,29.977922,29.861834,29.752735,29.711081,,,,,,
430.996,29.982178,29.878311,29.756086,29.71398,,,,,,
431.346,29.981701,29.880098,29.747686,29.721201,,,,,,
431.705,29.982924,29.86842,29.751852,29.722876,,,,,,
432.07,29.973696,29.874126,29.736055,29.715906,,,,,,
432.419,29.995173,29.877956,29.764334,29.72698,,,,,,
432.784,29.986195,29.875765,29.758747,29.718452,,,,,,
433.15,29.978268,29.870781,29.755344,29.717539,,,,,,
433.515,29.983265,29.878944,29.754457,29.723217,,,,,,
433.867,29.982445,29.875635,29.754768,29.722624,,,,,,
434.228,29.988333,29.870211,29.753189,29.716516,,,,,,
434.578,29.985085,29.878731,29.756279,29.7307,,,,,,
434.929,29.97867,29.875708,29.755974,29.728128,,,,,,
435.288,29.98385,29.868441,29.752327,29.721313,,,,,,
435.65,29.977379,29.874416,29.747663,29.722536,,,,,,
436.011,29.987602,29.871517,29.753592,29.711712,,,,,,
436.375,29.978407,29.862091,29.746428,29.720167,,,,,,
436.723,29.974651,29.859919,29.746744,29.719805,,,,,,
437.088,29.984184,29.882355,29.750397,29.7101,,,,,,
437.438,29.971403,29.860292,29.748024,29.705011,,,,,,
437.798,29.973078,29.87034,29.747662,29.714836,,,,,,
438.163,29.976748,29.876501,29.751785,29.71398,,,,,,
438.513,29.983517,29.873087,29.757879,29.727545,,,,,,
438.879,29.975889,29.871344,29.750023,29.713348,,,,,,
439.244,29.983583,29.869307,29.752964,29.726706,,,,,,
439.609,29.982634,29.874468,29.754507,29.720549,,,,,,
439.966,29.966349,29.866325,29.743647,29.715347,,,,,,
